Frame,C2H6_gas,C2H8_gas,C3H12_gas,CH2O*,CH2_gas,CH3O*,CH3_gas,CH4O*,CH4_gas,CH5_gas,CH_gas,C_gas,H*,H2_gas,H_gas,O*,OH*
1,,,1,,,,,,47,,,,,,,25,
2,,,1,,,,,,47,,,,,,,25,
3,,1,,,,,,,48,,,,,,,25,
4,,1,,,,,,,48,,,,,,,25,
5,,1,,,,,2,,46,,,,,,2,25,
6,,1,,,,,2,,46,,,,,,2,25,
7,,,,,,,3,,46,1,,,,,2,25,
8,,,,,,,3,,47,,,,,1,1,25,
9,,,,,,,5,,45,,,,,1,3,25,
10,,,,,,,5,,45,,,,,1,3,25,
11,,,,,1,,4,,45,,,,,1,4,25,
12,,,,,1,,4,,45,,,,,1,4,25,
13,,,,,1,,4,,45,,,,,1,4,25,
14,,,,,1,,4,,45,,,,,2,2,25,
15,,,,,,,4,,45,,1,,,2,3,25,
16,,,,,,,5,,44,,1,,,1,6,25,
17,,,,,,,7,1,41,,1,,,2,6,24,
18,,,,,,1,6,,42,,1,,,2,6,24,
19,,,,1,1,,5,,43,,,,,1,7,24,
20,,,,1,2,,4,,43,,,,1,1,7,24,
21,,,,1,1,,4,,43,,1,,,1,9,24,
22,,,,1,1,,1,,45,,1,1,,1,10,24,
23,,,,1,1,,2,,44,,1,1,,1,11,24,
24,,,,1,1,,1,,45,,1,1,,1,10,24,
25,,,,,1,1,,,46,,1,1,,1,8,24,
26,,,,,2,1,,,46,,,1,1,1,6,24,
27,,,,,2,1,,,46,,1,,1,1,5,24,
28,,,,,1,1,1,,46,,1,,,1,4,23,1
29,,,,,2,,1,1,46,,,,1,1,2,24,
30,,,,,2,,1,1,46,,,,1,1,2,24,
31,,,,,1,,2,1,45,,1,,1,1,4,24,
32,,,,1,,,3,,45,,1,,,1,6,24,
33,,,,1,,,3,,45,,1,,,1,6,24,
34,,,,1,,,3,,45,,1,,1,1,5,24,
35,,,,,,1,3,,45,,1,,1,1,4,24,
36,,,,,1,1,3,,45,,,,1,1,3,24,
37,,,,,1,1,3,,45,,,,1,1,3,24,
38,,,,,1,1,3,,45,,,,1,1,3,24,
39,,,,,,1,3,,45,,1,,1,1,4,24,
40,,,,,,1,3,,45,,1,,1,1,4,24,
41,,,,,,1,3,,45,,1,,1,1,4,24,
42,,,,,1,1,3,,45,,,,1,1,3,24,
43,,,,,1,1,3,,45,,,,1,1,3,24,
44,,,,,1,,3,1,45,,,,,1,3,24,
45,1,,,,1,,1,1,45,,,,,1,3,24,
46,1,,,,1,,1,1,45,,,,,1,3,24,
47,1,,,,1,,1,1,45,,,,,1,3,24,
48,1,,,,1,,1,1,45,,,,,1,3,24,
49,1,,,,1,,1,1,45,,,,,1,3,24,
50,1,,,,1,1,1,,45,,,,1,1,3,24,
51,1,,,,1,1,1,,45,,,,1,1,3,24,
52,1,,,,1,1,1,,45,,,,1,1,3,24,
53,1,,,,1,1,1,,45,,,,1,1,3,24,
54,1,,,,1,1,1,,45,,,,1,1,3,24,
55,1,,,,1,1,1,,45,,,,1,1,3,24,
56,1,,,,1,1,1,,45,,,,1,1,3,24,
57,1,,,,1,1,1,,45,,,,1,1,3,24,
58,1,,,,1,1,1,,45,,,,1,1,3,24,
59,1,,,,1,1,1,,45,,,,1,1,3,24,
60,1,,,,1,1,1,,45,,,,1,1,3,24,
61,1,,,,1,1,1,,45,,,,1,1,3,24,
62,1,,,,1,1,1,,45,,,,1,1,3,24,
63,1,,,,1,1,1,,45,,,,1,1,3,24,
64,1,,,,1,1,1,,45,,,,1,1,3,24,
65,1,,,,1,1,1,,45,,,,1,1,3,24,
66,1,,,,1,1,1,,45,,,,1,1,3,24,
67,1,,,,1,1,1,,45,,,,1,1,3,24,
68,1,,,,1,1,1,,45,,,,1,1,3,24,
69,1,,,,1,1,1,,45,,,,1,1,3,24,
70,1,,,,1,1,1,,45,,,,1,1,3,24,
71,1,,,,1,1,1,,45,,,,1,1,3,24,
72,1,,,,1,1,1,,45,,,,1,1,3,24,
73,1,,,,1,1,1,,45,,,,1,1,3,24,
74,1,,,,1,1,1,,44,1,,,1,1,2,24,
75,1,,,,1,1,1,,45,,,,1,1,3,24,
76,1,,,,1,1,1,,45,,,,1,1,3,24,
77,1,,,,1,1,1,,45,,,,1,1,3,24,
78,1,,,,1,1,1,,45,,,,1,1,3,24,
79,1,,,,1,1,1,,45,,,,1,1,3,24,
80,1,,,,1,1,1,,45,,,,1,1,3,24,
81,1,,,,1,1,1,,45,,,,1,1,3,24,
82,1,,,,1,1,1,,45,,,,1,1,3,24,
83,1,,,,1,1,1,,45,,,,1,1,3,24,
84,1,,,,1,1,1,,45,,,,1,1,3,24,
85,1,,,,1,1,1,,44,1,,,1,1,2,24,
86,1,,,,1,1,1,,45,,,,1,1,3,24,
87,1,,,,1,1,1,,45,,,,1,1,3,24,
88,1,,,,1,1,1,,45,,,,1,1,3,24,
89,1,,,,1,1,1,,45,,,,2,1,2,24,
90,1,,,,1,1,1,,45,,,,2,1,2,24,
91,1,,,,1,1,1,,45,,,,2,1,2,24,
92,1,,,,1,1,1,,45,,,,1,1,3,24,
93,1,,,,1,1,1,,45,,,,1,1,3,24,
94,1,,,,1,1,1,,45,,,,1,1,3,24,
95,1,,,,1,1,1,,44,1,,,1,1,2,24,
96,1,,,,1,1,1,,44,1,,,1,1,2,24,
97,1,,,,1,1,2,,44,,,,1,2,2,24,
98,1,,,,1,1,2,,44,,,,1,2,2,24,
99,1,,,,1,1,2,,44,,,,1,2,2,24,
100,1,,,,1,1,2,,44,,,,1,2,2,24,
101,1,,,,1,1,2,,44,,,,1,2,2,24,
102,1,,,,1,1,2,,44,,,,1,2,2,24,
103,1,,,,1,1,2,,44,,,,1,2,2,24,
104,1,,,,1,1,2,,44,,,,1,2,2,24,
105,1,,,,1,1,2,,44,,,,1,2,2,24,
106,1,,,,1,1,2,,44,,,,1,2,2,24,
107,1,,,,1,1,2,,44,,,,1,2,2,24,
108,1,,,,1,1,2,,44,,,,1,2,2,24,
109,1,,,,1,1,2,,44,,,,1,2,2,24,
110,1,,,,1,1,2,,44,,,,1,2,2,24,
111,1,,,,1,1,2,,44,,,,1,2,2,24,
112,1,,,,1,1,2,,44,,,,1,2,2,24,
113,1,,,,1,1,2,,44,,,,1,2,2,24,
114,1,,,,1,1,2,,44,,,,1,2,2,24,
115,1,,,,1,1,2,,44,,,,1,2,2,24,
116,1,,,,1,1,2,,44,,,,1,2,2,24,
117,1,,,,1,1,2,,44,,,,1,2,2,24,
118,1,,,,1,1,2,,44,,,,1,2,2,24,
119,1,,,,1,1,2,,44,,,,1,2,2,24,
120,1,,,,1,1,2,,44,,,,1,2,2,24,
121,1,,,,1,1,2,,44,,,,1,2,2,24,
122,1,,,,1,1,2,,44,,,,1,2,2,24,
123,1,,,,1,1,2,,44,,,,1,2,2,24,
124,1,,,,1,1,2,,44,,,,1,2,2,24,
125,1,,,,1,1,2,,44,,,,1,2,2,24,
126,1,,,,1,1,2,,43,1,,,1,2,1,24,
127,1,,,,1,1,2,,44,,,,1,2,2,24,
128,1,,,,1,1,2,,43,1,,,1,2,1,24,
129,1,,,,1,1,2,,44,,,,1,2,2,24,
130,1,,,,1,1,2,,44,,,,1,2,2,24,
131,1,,,,1,1,2,,44,,,,1,2,2,24,
132,1,,,,1,1,2,,44,,,,1,2,2,24,
133,1,,,,1,1,2,,44,,,,1,2,2,24,
134,1,,,,1,1,2,,44,,,,1,2,1,23,1
135,1,,,,1,1,2,,44,,,,1,2,2,24,
136,1,,,,1,1,2,,44,,,,2,2,1,24,
137,1,,,,1,1,2,,44,,,,2,2,1,24,
138,1,,,,1,1,2,,44,,,,2,2,1,24,
139,1,,,,1,1,2,,44,,,,1,2,2,24,
140,1,,,,1,1,2,,44,,,,1,2,2,24,
141,1,,,,1,1,2,,44,,,,1,2,2,24,
142,1,,,,1,1,2,,44,,,,1,2,2,24,
143,1,,,,1,1,2,,44,,,,1,2,2,24,
144,1,,,,1,1,2,,44,,,,1,2,2,24,
145,1,,,,1,1,2,,44,,,,1,2,2,24,
146,1,,,,1,1,2,,44,,,,1,2,2,24,
147,1,,,,1,1,2,,44,,,,1,2,2,24,
148,1,,,,1,1,2,,44,,,,2,2,1,24,
149,1,,,,1,1,2,,44,,,,2,2,1,24,
150,1,,,,1,1,2,,44,,,,2,2,1,24,
151,1,,,,1,1,2,,44,,,,1,2,2,24,
152,1,,,,1,1,2,,44,,,,1,2,2,24,
153,1,,,,1,1,2,,44,,,,1,2,2,24,
154,1,,,,1,1,2,,44,,,,1,2,2,24,
155,1,,,,1,1,2,,43,1,,,1,2,1,24,
156,1,,,,1,1,2,,44,,,,1,2,2,24,
157,1,,,,1,1,2,,44,,,,1,2,2,24,
158,1,,,,1,1,2,,44,,,,1,2,2,24,
159,1,,,,1,1,2,,44,,,,1,2,2,24,
160,1,,,,1,1,2,,44,,,,1,2,2,24,
161,1,,,,1,1,2,,44,,,,1,2,2,24,
162,1,,,,1,1,2,,44,,,,1,2,2,24,
163,1,,,,1,1,2,,44,,,,1,2,2,24,
164,1,,,,1,1,2,,44,,,,2,2,1,24,
165,1,,,,1,1,2,,44,,,,2,2,1,24,
166,1,,,,1,1,2,,44,,,,1,2,2,24,
167,1,,,,1,1,2,,44,,,,1,2,2,24,
168,1,,,,1,1,2,,44,,,,1,2,2,24,
169,1,,,,1,1,2,,44,,,,2,2,1,24,
170,1,,,,1,1,2,,44,,,,2,2,1,24,
171,1,,,,1,1,2,,44,,,,1,2,2,24,
172,1,,,,1,1,2,,44,,,,1,2,2,24,
173,1,,,,1,1,2,,44,,,,1,2,2,24,
174,1,,,,1,1,2,,44,,,,1,2,2,24,
175,1,,,,1,1,2,,44,,,,1,2,2,24,
176,1,,,,1,1,2,,44,,,,1,2,2,24,
177,1,,,,1,1,2,,44,,,,1,2,2,24,
178,1,,,,1,1,2,,44,,,,1,2,2,24,
179,1,,,,1,1,3,,43,,,,1,2,3,24,
180,1,,,,1,1,3,,43,,,,1,2,3,24,
181,1,,,,1,1,2,,44,,,,1,2,2,24,
182,1,,,,1,1,2,,43,1,,,1,2,1,24,
183,1,,,,1,1,2,,44,,,,1,2,2,24,
184,1,,,,1,1,2,,44,,,,1,2,2,24,
185,1,,,,1,1,3,,43,,,,1,2,3,24,
186,1,,,,1,1,3,,43,,,,1,2,3,24,
187,1,,,,1,1,2,,44,,,,1,2,2,24,
188,1,,,,1,1,2,,44,,,,1,2,2,24,
189,1,,,,1,1,2,,44,,,,2,2,1,24,
190,1,,,,1,1,2,,44,,,,2,2,1,24,
191,1,,,,1,1,3,,43,,,,1,2,3,24,
192,1,,,,1,1,3,,43,,,,1,2,3,24,
193,1,,,,1,1,2,,44,,,,2,2,1,24,
194,1,,,,1,1,2,,44,,,,2,2,1,24,
195,1,,,,1,1,2,,44,,,,2,2,1,24,
196,1,,,,1,1,2,,44,,,,2,2,1,24,
197,1,,,,1,1,3,,43,,,,2,2,2,24,
198,1,,,,1,1,3,,43,,,,1,2,3,24,
199,1,,,,1,1,2,,44,,,,1,2,2,24,
200,1,,,,1,1,2,,44,,,,1,2,2,24,
201,1,,,,1,1,2,,44,,,,1,2,2,24,
202,1,,,,1,1,2,,44,,,,2,2,1,24,
203,1,,,,1,1,3,,43,,,,2,2,2,24,
204,1,,,,1,1,3,,43,,,,2,2,2,24,
205,1,,,,1,1,2,,43,1,,,1,2,1,24,
206,1,,,,1,1,2,,44,,,,1,2,2,24,
207,1,,,,1,1,3,,43,,,,1,2,3,24,
208,1,,,,1,1,3,,43,,,,1,2,3,24,
209,1,,,,1,1,4,,42,,,,1,2,4,24,
210,1,,,,1,1,4,,42,,,,1,2,4,24,
211,1,,,,1,1,2,,44,,,,1,2,2,24,
212,1,,,,1,1,2,,44,,,,1,2,2,24,
213,1,,,,,1,3,,44,,,,1,2,1,24,
214,1,,,,1,1,3,,43,,,,1,2,3,24,
215,1,,,,2,1,3,,42,,,,1,2,5,24,
216,1,,,,2,1,3,,42,,,,2,2,4,24,
217,1,,,,1,1,3,,43,,,,1,2,3,24,
218,1,,,,1,1,2,,44,,,,1,2,2,24,
219,1,,,,1,1,2,,44,,,,1,2,2,24,
220,1,,,,1,1,2,,44,,,,1,2,2,24,
221,1,,,,1,1,3,,43,,,,1,2,3,24,
222,1,,,,1,1,4,,42,,,,1,2,4,24,
223,1,,,,1,1,4,,42,,,,1,2,4,24,
224,1,,,,1,1,3,,43,,,,1,2,3,24,
225,1,,,,1,1,2,,44,,,,1,2,2,24,
226,1,,,,1,1,2,,44,,,,1,2,2,24,
227,1,,,,1,1,2,,44,,,,1,2,2,24,
228,1,,,,2,1,3,,42,,,,1,2,5,24,
229,1,,,,2,1,3,,42,,,,1,2,5,24,
230,1,,,,1,1,3,,43,,,,2,2,2,24,
231,1,,,,1,1,3,,43,,,,2,2,2,24,
232,1,,,,1,1,2,,44,,,,1,2,2,24,
233,1,,,,1,1,2,,44,,,,1,2,2,24,
234,1,,,,1,1,3,,43,,,,1,2,3,24,
235,1,,,,1,1,3,,43,,,,1,2,3,24,
236,1,,,,1,1,3,,43,,,,1,2,3,24,
237,1,,,,1,1,3,,42,1,,,1,2,2,24,
238,1,,,,1,1,3,,43,,,,1,2,3,24,
239,1,,,,1,1,2,,44,,,,1,2,2,24,
240,1,,,,1,1,2,,44,,,,1,2,2,24,
241,1,,,,1,1,2,,44,,,,1,2,2,24,
242,1,,,,1,1,3,,43,,,,1,2,3,24,
243,1,,,,1,1,3,,43,,,,1,2,3,24,
244,1,,,,1,1,3,,43,,,,1,2,3,24,
245,1,,,,1,1,2,,44,,,,1,2,2,24,
246,1,,,,1,1,2,,44,,,,2,2,1,24,
247,1,,,,1,1,2,,44,,,,1,2,2,24,
248,1,,,,1,1,2,,44,,,,1,2,2,24,
249,1,,,,1,1,3,,43,,,,1,2,3,24,
250,1,,,,1,1,3,,43,,,,1,2,3,24,
251,1,,,,1,1,2,,44,,,,1,2,2,24,
252,1,,,,1,1,2,,44,,,,1,2,2,24,
253,1,,,,1,1,2,,44,,,,1,2,2,24,
254,1,,,,1,1,2,,44,,,,1,2,2,24,
255,1,,,,1,1,2,,44,,,,2,2,1,24,
256,1,,,,1,1,2,,44,,,,2,2,1,24,
257,1,,,,1,1,2,,44,,,,1,2,2,24,
258,1,,,,1,1,2,,44,,,,1,2,2,24,
259,1,,,,1,1,2,,44,,,,1,2,2,24,
260,1,,,,1,1,2,,44,,,,1,2,2,24,
261,1,,,,1,1,2,,44,,,,1,2,2,24,
262,1,,,,1,1,2,,44,,,,1,2,2,24,
263,1,,,,1,1,2,,44,,,,1,2,2,24,
264,1,,,,1,1,2,,44,,,,1,2,2,24,
265,1,,,,1,1,2,,44,,,,2,2,1,24,
266,1,,,,1,1,2,,44,,,,1,2,2,24,
267,1,,,,1,1,2,,44,,,,1,2,2,24,
268,1,,,,1,1,2,,44,,,,1,2,2,24,
269,1,,,,1,1,2,,44,,,,1,2,2,24,
270,1,,,,1,1,2,,44,,,,1,2,2,24,
271,1,,,,1,1,2,,44,,,,1,2,2,24,
272,1,,,,1,1,2,,44,,,,1,2,2,24,
273,1,,,,1,1,2,,44,,,,1,2,2,24,
274,1,,,,1,1,2,,44,,,,1,2,2,24,
275,1,,,,1,1,2,,44,,,,2,2,1,24,
276,1,,,,1,1,2,,44,,,,1,2,2,24,
277,1,,,,1,1,2,,44,,,,1,2,2,24,
278,1,,,,1,1,2,,44,,,,1,2,2,24,
279,1,,,,1,1,2,,44,,,,1,2,2,24,
280,1,,,,1,1,2,,44,,,,1,2,2,24,
281,1,,,,1,1,2,,44,,,,1,2,2,24,
282,1,,,,1,1,2,,44,,,,1,2,2,24,
283,1,,,,1,1,2,,44,,,,1,2,2,24,
284,1,,,,1,1,2,,44,,,,1,2,2,24,
285,1,,,,1,1,2,,44,,,,2,2,1,24,
286,1,,,,1,1,2,,44,,,,1,2,2,24,
287,1,,,,1,1,2,,44,,,,1,2,2,24,
288,1,,,,1,1,2,,44,,,,1,2,2,24,
289,1,,,,1,1,2,,44,,,,1,2,2,24,
290,1,,,,1,1,2,,44,,,,1,2,2,24,
291,1,,,,1,1,3,,43,,,,1,2,3,24,
292,1,,,,1,1,3,,43,,,,1,2,3,24,
293,1,,,,1,1,2,,44,,,,1,2,2,24,
294,1,,,,1,1,2,,44,,,,1,2,2,24,
295,1,,,,1,1,2,,44,,,,1,2,2,24,
296,1,,,,1,1,2,,44,,,,2,2,1,24,
297,1,,,,1,1,3,,43,,,,1,2,3,24,
298,1,,,,1,1,3,,43,,,,1,2,3,24,
299,1,,,,1,1,2,,44,,,,1,2,2,24,
300,1,,,,1,1,2,,44,,,,1,2,2,24,
301,1,,,,1,1,2,,44,,,,1,2,2,24,
302,1,,,,1,1,2,,44,,,,1,2,2,24,
303,1,,,,1,1,3,,43,,,,1,2,3,24,
304,1,,,,1,1,3,,43,,,,1,2,3,24,
305,1,,,,1,1,2,,44,,,,1,2,2,24,
306,1,,,,1,1,2,,44,,,,2,2,1,24,
307,1,,,,1,1,2,,44,,,,2,2,1,24,
308,1,,,,1,1,2,,44,,,,1,2,2,24,
309,1,,,,1,1,2,,44,,,,1,2,2,24,
310,1,,,,1,1,2,,44,,,,1,2,2,24,
311,1,,,,1,1,2,,44,,,,1,2,2,24,
312,1,,,,1,1,2,,44,,,,1,2,2,24,
313,1,,,,1,1,2,,44,,,,1,2,2,24,
314,1,,,,1,1,2,,44,,,,1,2,2,24,
315,1,,,,1,1,2,,44,,,,1,2,2,24,
316,1,,,,1,1,2,,44,,,,1,2,2,24,
317,1,,,,1,1,2,,44,,,,2,2,1,24,
318,1,,,,1,1,2,,44,,,,1,2,2,24,
319,1,,,,1,1,2,,44,,,,2,2,1,24,
320,1,,,,1,1,2,,44,,,,2,2,1,24,
321,1,,,,1,1,3,,43,,,,2,2,2,24,
322,1,,,,1,1,3,,43,,,,1,2,2,23,1
323,1,,,,1,1,2,,44,,,,1,2,1,23,1
324,1,,,,1,1,2,,44,,,,1,2,1,23,1
325,1,,,,1,1,2,,44,,,,1,2,1,23,1
326,1,,,,1,1,2,,44,,,,2,2,1,24,
327,1,,,,1,1,3,,43,,,,2,2,2,24,
328,1,,,,1,1,3,,43,,,,3,2,1,24,
329,1,,,,1,1,2,,44,,,,2,2,1,24,
330,1,,,,1,1,2,,44,,,,2,2,1,24,
331,1,,,,1,1,2,,44,,,,1,2,2,24,
332,1,,,,1,1,2,,44,,,,1,2,2,24,
333,1,,,,1,1,3,,43,,,,2,2,2,24,
334,1,,,,1,1,3,,43,,,,2,2,2,24,
335,1,,,,1,1,2,,44,,,,2,2,1,24,
336,1,,,,1,1,2,,44,,,,2,2,1,24,
337,1,,,,1,1,2,,44,,,,2,2,1,24,
338,1,,,,1,1,2,,44,,,,2,2,1,24,
339,1,,,,1,1,2,,44,,,,3,2,,24,
340,1,,,,1,1,2,,44,,,,2,2,1,24,
341,1,,,,1,1,2,,44,,,,1,2,2,24,
342,1,,,,1,1,2,,44,,,,1,2,2,24,
343,1,,,,1,1,2,,44,,,,1,2,2,24,
344,1,,,,1,1,2,,44,,,,1,2,2,24,
345,1,,,,1,1,2,,44,,,,1,2,2,24,
346,1,,,,1,1,2,,44,,,,1,2,2,24,
347,1,,,,1,1,2,,44,,,,1,2,2,24,
348,1,,,,1,1,2,,44,,,,1,2,2,24,
349,1,,,,1,1,2,,44,,,,2,2,1,24,
350,1,,,,1,1,2,,44,,,,3,2,,24,
351,1,,,,1,1,2,,44,,,,2,2,1,24,
352,1,,,,1,1,3,,43,,,,2,2,2,24,
353,1,,,,1,1,3,,43,,,,2,2,2,24,
354,1,,,,1,1,2,,44,,,,2,2,1,24,
355,1,,,,1,1,2,,44,,,,1,2,2,24,
356,1,,,,1,1,2,,44,,,,1,2,2,24,
357,1,,,,1,1,2,,44,,,,1,2,2,24,
358,1,,,,1,1,3,,43,,,,1,2,3,24,
359,1,,,,1,1,3,,43,,,,1,2,2,23,1
360,1,,,,1,1,2,,44,,,,1,2,1,23,1
361,1,,,,1,1,2,,44,,,,1,2,2,24,
362,1,,,,1,1,2,,44,,,,1,2,2,24,
363,1,,,,1,1,2,,44,,,,1,2,2,24,
364,1,,,,1,1,3,,43,,,,1,2,3,24,
365,1,,,,1,1,3,,43,,,,1,2,3,24,
366,1,,,,1,1,2,,44,,,,1,2,2,24,
367,1,,,,1,1,2,,44,,,,1,2,2,24,
368,1,,,,1,1,2,,43,1,,,1,2,1,24,
369,1,,,,1,1,2,,44,,,,1,2,2,24,
370,1,,,,1,1,3,,43,,,,1,2,3,24,
371,1,,,,1,1,4,,42,,,,2,2,3,24,
372,1,,,,1,1,3,,43,,,,2,2,2,24,
373,1,,,,1,1,3,,43,,,,1,2,3,24,
374,1,,,,1,1,2,,44,,,,1,2,2,24,
375,1,,,,1,1,2,,44,,,,1,2,2,24,
376,1,,,,1,1,3,,43,,,,1,2,3,24,
377,1,,,,1,1,3,,43,,,,1,2,3,24,
378,1,,,,1,1,2,,44,,,,1,2,2,24,
379,1,,,,1,1,2,,44,,,,2,2,1,24,
380,1,,,,1,1,2,,43,1,,,1,2,1,24,
381,1,,,,1,1,2,,43,1,,,1,2,1,24,
382,1,,,,1,1,2,,43,1,,,1,2,1,24,
383,1,,,,1,1,2,,44,,,,1,2,2,24,
384,1,,,,1,1,2,,44,,,,1,2,2,24,
385,1,,,,1,1,2,,44,,,,1,2,2,24,
386,1,,,,1,1,2,,44,,,,1,2,2,24,
387,1,,,,1,1,3,,43,,,,1,2,3,24,
388,1,,,,1,1,2,,44,,,,2,2,1,24,
389,1,,,,1,1,2,,44,,,,1,2,1,23,1
390,1,,,,1,1,2,,44,,,,1,2,1,23,1
391,1,,,,1,1,2,,44,,,,1,2,1,23,1
392,1,,,,1,1,3,,43,,,,1,2,3,24,
393,1,,,,1,1,3,,43,,,,1,2,3,24,
394,1,,,,1,1,2,,44,,,,1,2,2,24,
395,1,,,,1,1,2,,44,,,,1,2,1,23,1
396,1,,,,1,1,2,,44,,,,1,2,1,23,1
397,1,,,,1,1,2,,44,,,,1,2,1,23,1
398,1,,,,1,1,2,,44,,,,1,2,1,23,1
399,1,,,,1,1,2,,44,,,,1,2,2,24,
400,1,,,,1,1,2,,44,,,,2,2,1,24,
401,1,,,,1,1,2,,44,,,,1,2,1,23,1
402,1,,,,1,1,2,,44,,,,1,2,1,23,1
403,1,,,,1,1,2,,44,,,,1,2,1,23,1
404,1,,,,1,1,2,,44,,,,1,2,1,23,1
405,1,,,,1,1,2,,44,,,,1,2,1,23,1
406,1,,,,1,1,2,,44,,,,1,2,1,23,1
407,1,,,,1,1,2,,44,,,,1,2,1,23,1
408,1,,,,1,1,2,,44,,,,1,2,1,23,1
409,1,,,,1,1,2,,44,,,,1,2,1,23,1
410,1,,,,1,1,3,,43,,,,2,2,2,24,
411,1,,,,1,1,3,,43,,,,2,2,2,24,
412,1,,,,1,1,2,,44,,,,1,2,1,23,1
413,1,,,,1,1,2,,44,,,,1,2,1,23,1
414,1,,,,1,1,2,,44,,,,1,2,1,23,1
415,1,,,,1,1,2,,44,,,,1,2,1,23,1
416,1,,,,1,1,2,,44,,,,1,2,1,23,1
417,1,,,,1,1,2,,44,,,,1,2,1,23,1
418,1,,,,1,1,2,,44,,,,1,2,1,23,1
419,1,,,,1,1,2,,44,,,,1,2,1,23,1
420,1,,,,1,1,2,,44,,,,1,2,1,23,1
421,1,,,,1,1,2,,44,,,,1,2,,22,2
422,1,,,,1,1,2,,44,,,,2,2,,23,1
423,1,,,,1,1,2,,44,,,,1,2,1,23,1
424,1,,,,1,1,2,,44,,,,1,2,1,23,1
425,1,,,,1,1,2,,44,,,,1,2,1,23,1
426,1,,,,1,1,2,,44,,,,1,2,1,23,1
427,1,,,,1,1,2,,44,,,,1,2,1,23,1
428,1,,,,1,1,2,,44,,,,1,2,1,23,1
429,1,,,,1,1,2,,44,,,,1,2,1,23,1
430,1,,,,1,1,2,,44,,,,1,2,1,23,1
431,1,,,,1,1,2,,44,,,,1,2,1,23,1
432,1,,,,1,1,2,,44,,,,1,2,1,23,1
433,1,,,,1,1,2,,44,,,,1,2,1,23,1
434,1,,,,1,1,2,,44,,,,1,2,1,23,1
435,1,,,,1,1,2,,44,,,,1,2,1,23,1
436,1,,,,1,1,2,,44,,,,1,2,1,23,1
437,1,,,,1,1,2,,44,,,,1,2,1,23,1
438,1,,,,1,1,2,,44,,,,1,2,1,23,1
439,1,,,,1,1,2,,44,,,,1,2,1,23,1
440,1,,,,1,1,2,,44,,,,1,2,1,23,1
441,1,,,,1,1,2,,44,,,,2,2,,23,1
442,1,,,,1,1,2,,44,,,,2,2,,23,1
443,1,,,,1,1,2,,44,,,,1,2,1,23,1
444,1,,,,1,1,2,,44,,,,1,2,1,23,1
445,1,,,,1,1,2,,44,,,,1,2,1,23,1
446,1,,,,1,1,2,,44,,,,1,2,2,24,
447,1,,,,1,1,2,,44,,,,1,2,2,24,
448,1,,,,1,1,2,,44,,,,1,2,2,24,
449,1,,,,1,1,2,,44,,,,1,2,2,24,
450,1,,,,1,1,2,,44,,,,1,2,2,24,
451,1,,,,1,1,2,,44,,,,1,2,2,24,
452,1,,,,1,1,2,,44,,,,1,2,2,24,
453,1,,,,1,1,2,,44,,,,1,2,2,24,
454,1,,,,1,1,2,,44,,,,1,2,2,24,
455,1,,,,1,1,2,,44,,,,1,2,2,24,
456,1,,,,1,1,2,,44,,,,1,2,2,24,
457,1,,,,1,1,2,,44,,,,2,2,1,24,
458,1,,,,1,1,2,,44,,,,2,2,1,24,
459,1,,,,1,1,2,,44,,,,2,2,1,24,
460,1,,,,1,1,2,,44,,,,2,2,1,24,
461,1,,,,1,1,2,,44,,,,2,2,,23,1
462,1,,,,1,1,2,,44,,,,2,2,,23,1
463,1,,,,1,1,2,,44,,,,2,2,,23,1
464,1,,,,1,1,3,,43,,,,1,2,2,23,1
465,1,,,,1,1,3,,43,,,,1,2,2,23,1
466,1,,,,1,1,2,,44,,,,1,2,1,23,1
467,1,,,,1,1,2,,44,,,,1,2,1,23,1
468,1,,,,1,1,2,,44,,,,1,2,1,23,1
469,1,,,,1,1,2,,44,,,,1,2,1,23,1
470,1,,,,1,1,2,,44,,,,1,2,1,23,1
471,1,,,,1,1,2,,44,,,,1,2,1,23,1
472,1,,,,1,1,2,,44,,,,1,2,1,23,1
473,1,,,,1,1,2,,44,,,,1,2,1,23,1
474,1,,,,1,1,2,,44,,,,1,2,1,23,1
475,1,,,,1,1,2,,44,,,,1,2,1,23,1
476,1,,,,1,1,2,,44,,,,1,2,1,23,1
477,1,,,,1,1,2,,44,,,,1,2,1,23,1
478,1,,,,1,1,2,,44,,,,1,2,1,23,1
479,1,,,,1,1,2,,44,,,,1,2,1,23,1
480,1,,,,1,1,2,,44,,,,1,2,1,23,1
481,1,,,,1,1,2,,44,,,,1,2,1,23,1
482,1,,,,1,1,2,,44,,,,1,2,1,23,1
483,1,,,,1,1,2,,44,,,,1,2,1,23,1
484,1,,,,1,1,2,,44,,,,1,2,1,23,1
485,1,,,,1,1,2,,44,,,,1,2,,22,2
486,1,,,,1,1,2,,44,,,,2,2,,23,1
487,1,,,,1,1,2,,44,,,,1,2,1,23,1
488,1,,,,1,1,2,,44,,,,1,2,1,23,1
489,1,,,,1,1,2,,44,,,,1,2,1,23,1
490,1,,,,1,1,2,,44,,,,1,2,1,23,1
491,1,,,,1,1,2,,44,,,,1,2,1,23,1
492,1,,,,1,1,2,,44,,,,1,2,1,23,1
493,1,,,,1,1,2,,44,,,,1,2,1,23,1
494,1,,,,1,1,2,,44,,,,1,2,1,23,1
495,1,,,,1,1,2,,44,,,,1,2,1,23,1
496,1,,,,1,1,2,,44,,,,1,2,1,23,1
497,1,,,,1,1,2,,44,,,,1,2,1,23,1
498,1,,,,1,1,2,,44,,,,1,2,1,23,1
499,1,,,,1,1,2,,44,,,,1,2,1,23,1
500,1,,,,1,1,2,,44,,,,1,2,1,23,1
501,1,,,,1,1,2,,44,,,,1,2,1,23,1
502,1,,,,1,1,2,,44,,,,1,2,1,23,1
503,1,,,,1,1,2,,44,,,,1,2,1,23,1
504,1,,,,1,1,2,,44,,,,1,2,1,23,1
505,1,,,,1,1,2,,44,,,,1,2,1,23,1
506,1,,,,1,1,2,,44,,,,1,2,1,23,1
507,1,,,,1,1,2,,44,,,,1,2,1,23,1
508,1,,,,1,1,2,,44,,,,1,2,1,23,1
509,1,,,,1,1,2,,44,,,,1,2,1,23,1
510,1,,,,1,1,2,,44,,,,1,2,1,23,1
511,1,,,,1,1,2,,44,,,,1,2,1,23,1
512,1,,,,1,1,2,,44,,,,1,2,1,23,1
513,1,,,,1,1,2,,43,1,,,1,2,,23,1
514,1,,,,1,1,2,,44,,,,1,2,1,23,1
515,1,,,,1,1,2,,44,,,,1,2,1,23,1
516,1,,,,1,1,2,,44,,,,1,2,1,23,1
517,1,,,,1,1,2,,44,,,,2,2,,23,1
518,1,,,,1,1,2,,44,,,,1,2,,22,2
519,1,,,,1,1,2,,44,,,,2,2,,23,1
520,1,,,,1,1,2,,44,,,,1,2,1,23,1
521,1,,,,1,1,2,,44,,,,2,2,,23,1
522,1,,,,1,1,2,,44,,,,2,2,,23,1
523,1,,,,1,1,2,,44,,,,1,2,1,23,1
524,1,,,,1,1,2,,44,,,,2,2,,23,1
525,1,,,,1,1,2,,44,,,,1,2,,22,2
526,1,,,,1,1,2,,44,,,,1,2,1,23,1
527,1,,,,1,1,2,,44,,,,1,2,1,23,1
528,1,,,,1,1,2,,44,,,,1,2,1,23,1
529,1,,,,1,1,2,,44,,,,1,2,1,23,1
530,1,,,,1,1,2,,44,,,,1,2,1,23,1
531,1,,,,1,1,2,,44,,,,1,2,1,23,1
532,1,,,,1,1,2,,44,,,,1,2,1,23,1
533,1,,,,1,1,2,,44,,,,1,2,1,23,1
534,1,,,,1,1,2,,44,,,,1,2,1,23,1
535,1,,,,1,1,2,,44,,,,1,2,1,23,1
536,1,,,,1,1,2,,44,,,,1,2,1,23,1
537,1,,,,1,1,2,,44,,,,1,2,1,23,1
538,1,,,,1,1,2,,44,,,,1,2,1,23,1
539,1,,,,1,1,2,,44,,,,1,2,1,23,1
540,1,,,,1,1,2,,44,,,,1,2,1,23,1
541,1,,,,1,1,2,,44,,,,1,2,1,23,1
542,1,,,,1,1,2,,44,,,,1,2,1,23,1
543,1,,,,1,1,2,,44,,,,1,2,1,23,1
544,1,,,,1,1,2,,44,,,,1,2,1,23,1
545,1,,,,1,1,2,,44,,,,1,2,1,23,1
546,1,,,,1,1,2,,44,,,,1,2,1,23,1
547,1,,,,1,1,2,,44,,,,1,2,1,23,1
548,1,,,,1,1,2,,44,,,,1,2,1,23,1
549,1,,,,1,1,2,,44,,,,1,2,1,23,1
550,1,,,,1,1,2,,44,,,,1,2,1,23,1
551,1,,,,1,1,2,,44,,,,1,2,1,23,1
552,1,,,,1,1,2,,44,,,,1,2,1,23,1
553,1,,,,1,1,2,,44,,,,1,2,1,23,1
554,1,,,,1,1,2,,44,,,,1,2,1,23,1
555,1,,,,1,1,2,,44,,,,1,2,1,23,1
556,1,,,,1,1,2,,44,,,,1,2,1,23,1
557,1,,,,1,1,2,,44,,,,1,2,1,23,1
558,1,,,,1,1,2,,44,,,,1,2,1,23,1
559,1,,,,1,1,2,,44,,,,1,2,1,23,1
560,1,,,,1,1,2,,44,,,,1,2,1,23,1
561,1,,,,1,1,2,,44,,,,1,2,1,23,1
562,1,,,,1,1,2,,44,,,,1,2,1,23,1
563,1,,,,1,1,2,,44,,,,1,2,1,23,1
564,1,,,,1,1,2,,44,,,,1,2,1,23,1
565,1,,,,1,1,2,,44,,,,1,2,1,23,1
566,1,,,,1,1,2,,44,,,,1,2,1,23,1
567,1,,,,1,1,2,,44,,,,1,2,1,23,1
568,1,,,,1,1,2,,44,,,,1,2,1,23,1
569,1,,,,1,1,2,,44,,,,1,2,1,23,1
570,1,,,,1,1,2,,44,,,,1,2,1,23,1
571,1,,,,1,1,2,,44,,,,1,2,1,23,1
572,1,,,,1,1,2,,44,,,,1,2,1,23,1
573,1,,,,1,1,2,,44,,,,1,2,1,23,1
574,1,,,,1,1,2,,44,,,,1,2,1,23,1
575,1,,,,1,1,2,,44,,,,1,2,1,23,1
576,1,,,,1,1,2,,44,,,,1,2,1,23,1
577,1,,,,1,1,2,,44,,,,1,2,1,23,1
578,1,,,,1,1,2,,44,,,,1,2,1,23,1
579,1,,,,1,1,2,,44,,,,1,2,1,23,1
580,1,,,,1,1,2,,44,,,,1,2,1,23,1
581,1,,,,1,1,2,,44,,,,1,2,1,23,1
582,1,,,,1,1,2,,44,,,,1,2,1,23,1
583,1,,,,1,1,2,,44,,,,1,2,1,23,1
584,1,,,,1,1,2,,44,,,,1,2,1,23,1
585,1,,,,1,1,2,,44,,,,1,2,1,23,1
586,1,,,,1,1,2,,44,,,,1,2,1,23,1
587,1,,,,1,1,2,,44,,,,1,2,1,23,1
588,1,,,,1,1,2,,44,,,,1,2,1,23,1
589,1,,,,1,1,2,,44,,,,1,2,1,23,1
590,1,,,,1,1,2,,44,,,,1,2,1,23,1
591,1,,,,1,1,2,,44,,,,1,2,1,23,1
592,1,,,,1,1,2,,44,,,,1,2,1,23,1
593,1,,,,1,1,2,,44,,,,1,2,1,23,1
594,1,,,,1,1,2,,43,1,,,1,2,,23,1
595,1,,,,1,1,2,,44,,,,1,2,1,23,1
596,1,,,,1,1,2,,44,,,,1,2,1,23,1
597,1,,,,1,1,2,,44,,,,1,2,1,23,1
598,1,,,,1,1,2,,44,,,,1,2,1,23,1
599,1,,,,1,1,2,,44,,,,1,2,1,23,1
600,1,,,,1,1,2,,44,,,,2,2,,23,1
601,1,,,,1,1,2,,44,,,,2,2,,23,1
602,1,,,,1,1,2,,44,,,,2,2,,23,1
603,1,,,,1,1,2,,44,,,,2,2,,23,1
604,1,,,,1,1,2,,44,,,,2,2,,23,1
605,1,,,,1,1,2,,44,,,,1,2,1,23,1
606,1,,,,1,1,2,,44,,,,1,2,1,23,1
607,1,,,,1,1,2,,44,,,,1,2,1,23,1
608,1,,,,1,1,2,,44,,,,1,2,1,23,1
609,1,,,,1,1,2,,44,,,,1,2,1,23,1
610,1,,,,1,1,2,,44,,,,1,2,1,23,1
611,1,,,,1,1,2,,44,,,,1,2,1,23,1
612,1,,,,1,1,2,,44,,,,1,2,1,23,1
613,1,,,,1,1,2,,44,,,,1,2,1,23,1
614,1,,,,1,1,2,,44,,,,1,2,1,23,1
615,1,,,,1,1,2,,44,,,,1,2,1,23,1
616,1,,,,1,1,2,,44,,,,1,2,1,23,1
617,1,,,,1,1,2,,44,,,,1,2,1,23,1
618,1,,,,1,1,2,,44,,,,1,2,1,23,1
619,1,,,,1,1,2,,44,,,,1,2,1,23,1
620,1,,,,1,1,2,,44,,,,1,2,1,23,1
621,1,,,,1,1,2,,44,,,,1,2,1,23,1
622,1,,,,1,1,2,,44,,,,1,2,1,23,1
623,1,,,,1,1,2,,44,,,,1,2,1,23,1
624,1,,,,1,1,2,,44,,,,1,2,1,23,1
625,1,,,,1,1,2,,44,,,,1,2,1,23,1
626,1,,,,1,1,2,,44,,,,1,2,1,23,1
627,1,,,,1,1,2,,44,,,,1,2,1,23,1
628,1,,,,1,1,2,,44,,,,1,2,1,23,1
629,1,,,,1,1,2,,44,,,,2,2,,23,1
630,1,,,,1,1,2,,44,,,,2,2,,23,1
631,1,,,,1,1,2,,44,,,,2,2,,23,1
632,1,,,,1,1,2,,44,,,,1,2,1,23,1
633,1,,,,1,1,2,,44,,,,1,2,1,23,1
634,1,,,,1,1,2,,44,,,,1,2,1,23,1
635,1,,,,1,1,2,,44,,,,1,2,1,23,1
636,1,,,,1,1,2,,44,,,,1,2,1,23,1
637,1,,,,1,1,2,,44,,,,1,2,1,23,1
638,1,,,,1,1,2,,44,,,,1,2,1,23,1
639,1,,,,1,1,2,,44,,,,1,2,1,23,1
640,1,,,,1,1,2,,44,,,,1,2,1,23,1
641,1,,,,1,1,2,,44,,,,1,2,1,23,1
642,1,,,,1,1,2,,44,,,,1,2,1,23,1
643,1,,,,1,1,2,,44,,,,1,2,1,23,1
644,1,,,,1,1,2,,44,,,,1,2,1,23,1
645,1,,,,1,1,2,,44,,,,1,2,1,23,1
646,1,,,,1,1,2,,44,,,,1,2,1,23,1
647,1,,,,1,1,2,,44,,,,1,2,1,23,1
648,1,,,,1,1,2,,44,,,,1,2,1,23,1
649,1,,,,1,1,2,,44,,,,1,2,1,23,1
650,1,,,,1,1,2,,44,,,,1,2,1,23,1
651,1,,,,1,1,2,,44,,,,1,2,1,23,1
652,1,,,,1,1,2,,44,,,,1,2,1,23,1
653,1,,,,1,1,2,,44,,,,1,2,1,23,1
654,1,,,,1,1,2,,44,,,,1,2,1,23,1
655,1,,,,1,1,2,,44,,,,1,2,1,23,1
656,1,,,,1,1,2,,44,,,,1,2,1,23,1
657,1,,,,1,1,2,,44,,,,1,2,1,23,1
658,1,,,,1,1,2,,44,,,,1,2,1,23,1
659,1,,,,1,1,2,,44,,,,1,2,1,23,1
660,1,,,,1,1,2,,44,,,,1,2,1,23,1
661,1,,,,1,1,2,,44,,,,1,2,1,23,1
662,1,,,,1,1,2,,44,,,,1,2,1,23,1
663,1,,,,1,1,2,,44,,,,1,2,1,23,1
664,1,,,,1,1,2,,44,,,,1,2,1,23,1
665,1,,,,1,1,2,,44,,,,1,2,1,23,1
666,1,,,,1,1,2,,44,,,,1,2,1,23,1
667,1,,,,1,1,2,,44,,,,1,2,1,23,1
668,1,,,,1,1,2,,44,,,,1,2,1,23,1
669,1,,,,1,1,2,,44,,,,1,2,1,23,1
670,1,,,,1,1,2,,44,,,,1,2,1,23,1
671,1,,,,1,1,2,,44,,,,2,2,,23,1
672,1,,,,1,1,2,,44,,,,2,2,,23,1
673,1,,,,1,1,2,,44,,,,2,2,,23,1
674,1,,,,1,1,2,,44,,,,2,2,,23,1
675,1,,,,1,1,2,,44,,,,1,2,1,23,1
676,1,,,,1,1,2,,44,,,,1,2,1,23,1
677,1,,,,1,1,2,,44,,,,1,2,1,23,1
678,1,,,,1,1,2,,44,,,,1,2,1,23,1
679,1,,,,1,1,2,,44,,,,1,2,1,23,1
680,1,,,,1,1,2,,44,,,,1,2,1,23,1
681,1,,,,1,1,2,,44,,,,1,2,1,23,1
682,1,,,,1,1,2,,44,,,,1,2,1,23,1
683,1,,,,1,1,2,,44,,,,1,2,1,23,1
684,1,,,,1,1,2,,44,,,,1,2,1,23,1
685,1,,,,1,1,2,,44,,,,1,2,1,23,1
686,1,,,,1,1,2,,44,,,,1,2,1,23,1
687,1,,,,1,1,2,,44,,,,1,2,1,23,1
688,1,,,,1,1,2,,44,,,,1,2,1,23,1
689,1,,,,1,1,2,,44,,,,1,2,1,23,1
690,1,,,,1,1,2,,44,,,,1,2,1,23,1
691,1,,,,1,1,2,,44,,,,1,2,1,23,1
692,1,,,,1,1,2,,44,,,,1,2,1,23,1
693,1,,,,1,1,2,,44,,,,1,2,1,23,1
694,1,,,,1,1,2,,44,,,,2,2,,23,1
695,1,,,,1,1,2,,44,,,,1,2,1,23,1
696,1,,,,1,1,2,,44,,,,1,2,1,23,1
697,1,,,,1,1,2,,44,,,,1,2,1,23,1
698,1,,,,1,1,2,,44,,,,1,2,1,23,1
699,1,,,,1,1,2,,44,,,,1,2,1,23,1
700,1,,,,1,1,2,,44,,,,2,2,,23,1
701,1,,,,1,1,2,,44,,,,1,2,1,23,1
702,1,,,,1,1,2,,44,,,,1,2,1,23,1
703,1,,,,1,1,2,,44,,,,1,2,1,23,1
704,1,,,,1,1,2,,44,,,,1,2,1,23,1
705,1,,,,1,1,2,,44,,,,1,2,1,23,1
706,1,,,,1,1,2,,44,,,,1,2,1,23,1
707,1,,,,1,1,2,,44,,,,1,2,1,23,1
708,1,,,,1,1,2,,44,,,,1,2,1,23,1
709,1,,,,1,1,2,,44,,,,2,2,,23,1
710,1,,,,1,1,2,,44,,,,1,2,1,23,1
711,1,,,,1,1,2,,44,,,,1,2,1,23,1
712,1,,,,1,1,2,,44,,,,1,2,1,23,1
713,1,,,,1,1,2,,44,,,,1,2,1,23,1
714,1,,,,1,1,2,,44,,,,1,2,1,23,1
715,1,,,,1,1,2,,44,,,,1,2,1,23,1
716,1,,,,1,1,2,,44,,,,1,2,1,23,1
717,1,,,,1,1,2,,44,,,,1,2,1,23,1
718,1,,,,1,1,2,,44,,,,2,2,,23,1
719,1,,,,1,1,2,,44,,,,2,2,,23,1
720,1,,,,1,1,2,,44,,,,1,2,1,23,1
721,1,,,,1,1,2,,44,,,,1,2,1,23,1
722,1,,,,1,1,2,,44,,,,1,2,1,23,1
723,1,,,,1,1,2,,44,,,,1,2,1,23,1
724,1,,,,1,1,2,,44,,,,1,2,1,23,1
725,1,,,,1,1,2,,44,,,,1,2,1,23,1
726,1,,,,1,1,2,,44,,,,1,2,1,23,1
727,1,,,,1,1,2,,44,,,,1,2,1,23,1
728,1,,,,1,1,2,,44,,,,2,2,,23,1
729,1,,,,1,1,2,,44,,,,1,2,1,23,1
730,1,,,,1,1,2,,44,,,,1,2,1,23,1
731,1,,,,1,1,2,,44,,,,1,2,1,23,1
732,1,,,,1,1,2,,44,,,,1,2,1,23,1
733,1,,,,1,1,2,,44,,,,1,2,1,23,1
734,1,,,,1,1,2,,44,,,,1,2,1,23,1
735,1,,,,1,1,2,,44,,,,1,2,1,23,1
736,1,,,,1,1,2,,44,,,,1,2,1,23,1
737,1,,,,1,1,2,,44,,,,2,2,,23,1
738,1,,,,1,1,2,,44,,,,1,2,1,23,1
739,1,,,,1,1,2,,44,,,,1,2,1,23,1
740,1,,,,1,1,2,,44,,,,1,2,1,23,1
741,1,,,,1,1,2,,44,,,,1,2,1,23,1
742,1,,,,1,1,2,,43,1,,,1,2,,23,1
743,1,,,,1,1,2,,44,,,,1,2,1,23,1
744,1,,,,1,1,2,,44,,,,1,2,1,23,1
745,1,,,,1,1,2,,44,,,,1,2,1,23,1
746,1,,,,1,1,2,,44,,,,1,2,1,23,1
747,1,,,,1,1,2,,44,,,,2,2,,23,1
748,1,,,,1,1,2,,44,,,,1,2,1,23,1
749,1,,,,1,1,2,,44,,,,1,2,1,23,1
750,1,,,,1,1,2,,44,,,,1,2,1,23,1
751,1,,,,1,1,2,,44,,,,1,2,1,23,1
752,1,,,,1,1,2,,44,,,,1,2,1,23,1
753,1,,,,1,1,2,,44,,,,1,2,1,23,1
754,1,,,,1,1,2,,44,,,,1,2,1,23,1
755,1,,,,1,1,2,,44,,,,1,2,1,23,1
756,1,,,,1,1,2,,44,,,,1,2,1,23,1
757,1,,,,1,1,2,,44,,,,2,2,,23,1
758,1,,,,1,1,2,,44,,,,1,2,,22,2
759,1,,,,1,1,2,,44,,,,1,2,1,23,1
760,1,,,,1,1,2,,43,1,,,1,2,,23,1
761,1,,,,1,1,2,,44,,,,1,2,1,23,1
762,1,,,,1,1,2,,44,,,,1,2,1,23,1
763,1,,,,1,1,2,,44,,,,1,2,1,23,1
764,1,,,,1,1,2,,44,,,,1,2,1,23,1
765,1,,,,1,1,2,,44,,,,1,2,1,23,1
766,1,,,,1,1,2,,44,,,,1,2,1,23,1
767,1,,,,1,1,2,,44,,,,1,2,1,23,1
768,1,,,,1,1,2,,44,,,,1,2,1,23,1
769,1,,,,1,1,2,,44,,,,1,2,,22,2
770,1,,,,1,1,2,,44,,,,1,2,1,23,1
771,1,,,,1,1,2,,44,,,,1,2,1,23,1
772,1,,,,1,1,2,,44,,,,1,2,1,23,1
773,1,,,,1,1,2,,44,,,,1,2,1,23,1
774,1,,,,1,1,2,,44,,,,1,2,1,23,1
775,1,,,,1,1,2,,44,,,,1,2,1,23,1
776,1,,,,1,1,2,,44,,,,1,2,1,23,1
777,1,,,,1,1,2,,44,,,,1,2,1,23,1
778,1,,,,1,1,2,,44,,,,1,2,1,23,1
779,1,,,,1,1,2,,44,,,,2,2,,23,1
780,1,,,,1,1,2,,44,,,,2,2,,23,1
781,1,,,,1,1,2,,44,,,,1,2,1,23,1
782,1,,,,1,1,2,,44,,,,1,2,1,23,1
783,1,,,,1,1,2,,44,,,,1,2,1,23,1
784,1,,,,1,1,2,,44,,,,1,2,1,23,1
785,1,,,,1,1,2,,44,,,,1,2,1,23,1
786,1,,,,1,1,2,,44,,,,1,2,1,23,1
787,1,,,,1,1,2,,44,,,,1,2,1,23,1
788,1,,,,1,1,2,,44,,,,1,2,1,23,1
789,1,,,,1,1,2,,44,,,,1,2,1,23,1
790,1,,,,1,1,2,,44,,,,1,2,1,23,1
791,1,,,,1,1,2,,44,,,,1,2,1,23,1
792,1,,,,1,1,2,,44,,,,2,2,,23,1
793,1,,,,1,1,2,,44,,,,2,2,,23,1
794,1,,,,1,1,2,,44,,,,1,2,1,23,1
795,1,,,,1,1,2,,44,,,,1,2,1,23,1
796,1,,,,1,1,2,,44,,,,1,2,1,23,1
797,1,,,,1,1,2,,44,,,,1,2,1,23,1
798,1,,,,1,1,2,,44,,,,1,2,1,23,1
799,1,,,,1,1,2,,43,1,,,1,2,,23,1
800,1,,,,1,1,2,,44,,,,1,2,1,23,1
801,1,,,,1,1,2,,44,,,,1,2,1,23,1
802,1,,,,1,1,2,,44,,,,1,2,1,23,1
803,1,,,,1,1,2,,44,,,,1,2,1,23,1
804,1,,,,1,1,2,,44,,,,1,2,1,23,1
805,1,,,,1,1,2,,44,,,,1,2,1,23,1
806,1,,,,1,1,2,,44,,,,1,2,1,23,1
807,1,,,,1,1,2,,44,,,,1,2,1,23,1
808,1,,,,1,1,2,,44,,,,2,2,,23,1
809,1,,,,1,1,2,,44,,,,2,2,,23,1
810,1,,,,1,1,2,,44,,,,1,2,1,23,1
811,1,,,,1,1,2,,44,,,,1,2,1,23,1
812,1,,,,1,1,2,,44,,,,1,2,1,23,1
813,1,,,,1,1,3,,43,,,,1,2,2,23,1
814,1,,,,1,1,3,,43,,,,1,2,2,23,1
815,1,,,,1,1,2,,44,,,,1,2,1,23,1
816,1,,,,1,1,2,,44,,,,1,2,1,23,1
817,1,,,,1,1,2,,44,,,,1,2,1,23,1
818,1,,,,1,1,2,,44,,,,1,2,1,23,1
819,1,,,,1,1,2,,44,,,,1,2,1,23,1
820,1,,,,1,1,2,,44,,,,1,2,1,23,1
821,1,,,,1,1,2,,44,,,,1,2,1,23,1
822,1,,,,1,1,2,,44,,,,1,2,1,23,1
823,1,,,,1,1,2,,44,,,,1,2,1,23,1
824,1,,,,1,1,2,,44,,,,1,2,1,23,1
825,1,,,,1,1,2,,44,,,,1,2,1,23,1
826,1,,,,1,1,2,,44,,,,1,2,1,23,1
827,1,,,,1,1,2,,44,,,,2,2,,23,1
828,1,,,,1,1,2,,44,,,,2,2,,23,1
829,1,,,,1,1,2,,44,,,,2,2,,23,1
830,1,,,,1,1,2,,44,,,,1,2,1,23,1
831,1,,,,1,1,3,,43,,,,1,2,2,23,1
832,1,,,,1,1,3,,43,,,,1,2,2,23,1
833,1,,,,1,1,2,,44,,,,1,2,1,23,1
834,1,,,,1,1,2,,44,,,,1,2,1,23,1
835,1,,,,1,1,2,,44,,,,1,2,1,23,1
836,1,,,,1,1,2,,44,,,,1,2,1,23,1
837,1,,,,1,1,3,,43,,,,1,2,2,23,1
838,1,,,,1,1,3,,43,,,,1,2,2,23,1
839,1,,,,1,1,2,,44,,,,1,2,1,23,1
840,1,,,,1,1,2,,44,,,,1,2,1,23,1
841,1,,,,1,1,2,,44,,,,1,2,1,23,1
842,1,,,,1,1,2,,44,,,,1,2,1,23,1
843,1,,,,1,1,3,,43,,,,2,2,1,23,1
844,1,,,,1,1,3,,43,,,,1,2,2,23,1
845,1,,,,1,1,2,,44,,,,1,2,1,23,1
846,1,,,,1,1,2,,44,,,,1,2,1,23,1
847,1,,,,1,1,2,,44,,,,1,2,1,23,1
848,1,,,,1,1,2,,44,,,,1,2,1,23,1
849,1,,,,1,1,3,,43,,,,1,2,2,23,1
850,1,,,,1,1,3,,43,,,,1,2,2,23,1
851,1,,,,1,1,3,,43,,,,1,2,2,23,1
852,1,,,,1,1,2,,44,,,,1,2,1,23,1
853,1,,,,1,1,2,,44,,,,1,2,1,23,1
854,1,,,,1,1,2,,44,,,,1,2,1,23,1
855,1,,,,1,1,2,,44,,,,1,2,1,23,1
856,1,,,,1,1,3,,43,,,,1,2,2,23,1
857,1,,,,1,1,3,,43,,,,2,2,1,23,1
858,1,,,,1,1,2,,44,,,,2,2,,23,1
859,1,,,,1,1,2,,44,,,,1,2,1,23,1
860,1,,,,1,1,2,,44,,,,1,2,1,23,1
861,1,,,,1,1,2,,44,,,,1,2,1,23,1
862,1,,,,1,1,3,,43,,,,1,2,2,23,1
863,1,,,,1,1,3,,43,,,,1,2,2,23,1
864,1,,,,1,1,2,,44,,,,1,2,1,23,1
865,1,,,,1,1,2,,44,,,,1,2,1,23,1
866,1,,,,1,1,2,,44,,,,1,2,1,23,1
867,1,,,,1,1,2,,44,,,,1,2,1,23,1
868,1,,,,1,1,3,,43,,,,1,2,2,23,1
869,1,,,,1,1,3,,43,,,,2,2,1,23,1
870,1,,,,1,1,2,,44,,,,2,2,,23,1
871,1,,,,1,1,2,,44,,,,1,2,1,23,1
872,1,,,,1,1,2,,44,,,,1,2,1,23,1
873,1,,,,1,1,2,,44,,,,1,2,1,23,1
874,1,,,,1,1,3,,43,,,,1,2,2,23,1
875,1,,,,1,1,3,,43,,,,1,2,2,23,1
876,1,,,,1,1,3,,43,,,,1,2,2,23,1
877,1,,,,1,1,2,,44,,,,1,2,1,23,1
878,1,,,,1,1,2,,44,,,,1,2,1,23,1
879,1,,,,1,1,2,,44,,,,1,2,1,23,1
880,1,,,,1,1,3,,43,,,,1,2,2,23,1
881,1,,,,1,1,3,,43,,,,1,2,2,23,1
882,1,,,,1,1,3,,43,,,,1,2,2,23,1
883,1,,,,1,1,2,,44,,,,1,2,1,23,1
884,1,,,,1,1,2,,44,,,,1,2,1,23,1
885,1,,,,1,1,2,,44,,,,1,2,1,23,1
886,1,,,,1,1,2,,44,,,,2,2,,23,1
887,1,,,,1,1,3,,43,,,,2,2,1,23,1
888,1,,,,1,1,3,,43,,,,1,2,2,23,1
889,1,,,,1,1,2,,44,,,,1,2,1,23,1
890,1,,,,1,1,2,,44,,,,1,2,1,23,1
891,1,,,,1,1,2,,44,,,,1,2,1,23,1
892,1,,,,1,1,2,,44,,,,1,2,1,23,1
893,1,,,,1,1,3,,43,,,,1,2,2,23,1
894,1,,,,1,1,3,,42,1,,,1,2,1,23,1
895,1,,,,1,1,3,,43,,,,1,2,2,23,1
896,1,,,,1,1,2,,44,,,,1,2,1,23,1
897,1,,,,1,1,2,,44,,,,1,2,1,23,1
898,1,,,,1,1,2,,44,,,,1,2,1,23,1
899,1,,,,1,1,2,,44,,,,1,2,1,23,1
900,1,,,,1,1,3,,43,,,,1,2,2,23,1
901,1,,,,1,1,3,,43,,,,1,2,2,23,1
902,1,,,,1,1,3,,43,,,,1,2,2,23,1
903,1,,,,1,1,2,,44,,,,1,2,1,23,1
904,1,,,,1,1,2,,44,,,,1,2,1,23,1
905,1,,,,1,1,2,,44,,,,2,2,,23,1
906,1,,,,1,1,2,,44,,,,2,2,,23,1
907,1,,,,1,1,3,,43,,,,2,2,1,23,1
908,1,,,,1,1,3,,43,,,,1,2,1,22,2
909,1,,,,1,1,3,,42,1,,,1,2,1,23,1
910,1,,,,1,1,2,,44,,,,1,2,1,23,1
911,1,,,,1,1,2,,44,,,,1,2,1,23,1
912,1,,,,1,1,2,,44,,,,1,2,1,23,1
913,1,,,,1,1,2,,44,,,,1,2,1,23,1
914,1,,,,1,1,3,,43,,,,1,2,2,23,1
915,1,,,,1,1,3,,43,,,,1,2,2,23,1
916,1,,,,1,1,2,,44,,,,1,2,1,23,1
917,1,,,,1,1,2,,44,,,,1,2,1,23,1
918,1,,,,1,1,2,,44,,,,1,2,1,23,1
919,1,,,,1,1,2,,44,,,,1,2,1,23,1
920,1,,,,1,1,3,,43,,,,1,2,2,23,1
921,1,,,,1,1,3,,43,,,,1,2,2,23,1
922,1,,,,1,1,3,,43,,,,1,2,2,23,1
923,1,,,,1,1,2,,44,,,,1,2,1,23,1
924,1,,,,1,1,2,,44,,,,1,2,1,23,1
925,1,,,,1,1,2,,44,,,,1,2,1,23,1
926,1,,,,1,1,2,,44,,,,1,2,1,23,1
927,1,,,,1,1,3,,43,,,,1,2,2,23,1
928,1,,,,1,1,3,,43,,,,1,2,2,23,1
929,1,,,,1,1,3,,43,,,,1,2,2,23,1
930,1,,,,1,1,2,,44,,,,1,2,1,23,1
931,1,,,,1,1,2,,44,,,,1,2,1,23,1
932,1,,,,1,1,2,,44,,,,1,2,1,23,1
933,1,,,,1,1,2,,44,,,,1,2,1,23,1
934,1,,,,1,1,3,,43,,,,1,2,2,23,1
935,1,,,,1,1,3,,43,,,,1,2,2,23,1
936,1,,,,1,1,2,,44,,,,1,2,1,23,1
937,1,,,,1,1,2,,44,,,,1,2,1,23,1
938,1,,,,1,1,2,,44,,,,1,2,1,23,1
939,1,,,,1,1,2,,44,,,,1,2,1,23,1
940,1,,,,1,1,3,,43,,,,2,2,1,23,1
941,1,,,,1,1,3,,43,,,,2,2,1,23,1
942,1,,,,1,1,2,,44,,,,1,2,,22,2
943,1,,,,1,1,2,,44,,,,2,2,,23,1
944,1,,,,1,1,2,,44,,,,2,2,,23,1
945,1,,,,1,1,2,,43,1,,,1,2,,23,1
946,1,,,,1,1,2,,44,,,,1,2,1,23,1
947,1,,,,1,1,3,,43,,,,1,2,2,23,1
948,1,,,,1,1,3,,43,,,,1,2,2,23,1
949,1,,,,1,1,2,,44,,,,1,2,1,23,1
950,1,,,,1,1,2,,44,,,,1,2,1,23,1
951,1,,,,1,1,2,,44,,,,1,2,1,23,1
952,1,,,,1,1,2,,44,,,,1,2,1,23,1
953,1,,,,1,1,3,,43,,,,1,2,2,23,1
954,1,,,,1,1,3,,43,,,,1,2,2,23,1
955,1,,,,1,1,2,,44,,,,1,2,1,23,1
956,1,,,,1,1,2,,44,,,,1,2,1,23,1
957,1,,,,1,1,2,,44,,,,1,2,1,23,1
958,1,,,,1,1,2,,44,,,,1,2,1,23,1
959,1,,,,1,1,2,,44,,,,1,2,1,23,1
960,1,,,,1,1,2,,44,,,,1,2,1,23,1
961,1,,,,1,1,2,,44,,,,1,2,1,23,1
962,1,,,,1,1,2,,44,,,,1,2,1,23,1
963,1,,,,1,1,2,,44,,,,1,2,1,23,1
964,1,,,,1,1,2,,44,,,,1,2,1,23,1
965,1,,,,1,1,2,,44,,,,1,2,1,23,1
966,1,,,,1,1,2,,44,,,,1,2,1,23,1
967,1,,,,1,1,2,,44,,,,1,2,1,23,1
968,1,,,,1,1,2,,44,,,,1,2,1,23,1
969,1,,,,1,1,2,,44,,,,1,2,1,23,1
970,1,,,,1,1,2,,44,,,,1,2,1,23,1
971,1,,,,1,1,2,,44,,,,1,2,1,23,1
972,1,,,,1,1,2,,44,,,,1,2,1,23,1
973,1,,,,1,1,2,,44,,,,1,2,1,23,1
974,1,,,,1,1,2,,44,,,,1,2,1,23,1
975,1,,,,1,1,2,,44,,,,1,2,1,23,1
976,1,,,,1,1,2,,44,,,,1,2,1,23,1
977,1,,,,1,1,2,,44,,,,1,2,1,23,1
978,1,,,,1,1,2,,44,,,,1,2,1,23,1
979,1,,,,1,1,2,,44,,,,1,2,1,23,1
980,1,,,,1,1,2,,44,,,,1,2,1,23,1
981,1,,,,1,1,2,,44,,,,1,2,1,23,1
982,1,,,,1,1,2,,44,,,,1,2,1,23,1
983,1,,,,1,1,2,,44,,,,1,2,1,23,1
984,1,,,,1,1,2,,44,,,,1,2,1,23,1
985,1,,,,1,1,2,,44,,,,1,2,1,23,1
986,1,,,,1,1,2,,44,,,,1,2,1,23,1
987,1,,,,1,1,2,,44,,,,1,2,1,23,1
988,1,,,,1,1,2,,44,,,,1,2,1,23,1
989,1,,,,1,1,2,,44,,,,1,2,1,23,1
990,1,,,,1,1,2,,44,,,,1,2,1,23,1
991,1,,,,1,1,2,,44,,,,1,2,1,23,1
992,1,,,,1,1,2,,44,,,,1,2,1,23,1
993,1,,,,1,1,2,,44,,,,1,2,1,23,1
994,1,,,,1,1,2,,44,,,,1,2,1,23,1
995,1,,,,1,1,2,,44,,,,1,2,1,23,1
996,1,,,,1,1,2,,44,,,,1,2,1,23,1
997,1,,,,1,1,2,,44,,,,1,2,1,23,1
998,1,,,,1,1,2,,44,,,,1,2,1,23,1
999,1,,,,1,1,2,,44,,,,1,2,1,23,1
1000,1,,,,1,1,2,,44,,,,2,2,,23,1
1001,1,,,,1,1,2,,44,,,,2,2,,23,1
